{
  "ads": [
    {
      "title": "Time to Share: 6 for $3.99*",
      "img": "https://res.cloudinary.com/dx4wkpab8/image/upload/v1573640170/comp_plate_promo1_wsmolg.png",
      "description": "Lorem ipsum dolor sit amet. consectetur adipisicing elit, sed do eiusmod tempor incididunt ut la bore et dolore magna aliqua. Ut enim ad minim veniam, quis nostrud exefcitalion ullamoo laboris nisi ut aliquip ex ea commodo oonsequat.",
      "note": "* At vero eos et accusamus et iusto odo dtgntsslmos duclmus qui blandltlis praesentlum voluptatum delenrtl atque corruptl quos doQres et quas molestlas exceptun sint occaecatl cupidrtate non pro v dent, slmllique sunt In culpa qui otflcia deserunt mollrtia anlmi. id est la bo aim et dolorum tuga.",
      "productUrl": "https://res.cloudinary.com/dx4wkpab8/image/upload/v1573640170/comp_plate_promo1_wsmolg.png"
    },
    {
      "title": "Rise 'n shine",
      "img": "https://res.cloudinary.com/dx4wkpab8/image/upload/v1573640171/comp_plate_promo2_nlqjfe.png",
      "description": "Lorem ipsum dolor sit amet. consectetur adipisicing elit, sed do eiusmod tempor incididunt ut la bore et dolore magna aliqua. Ut enim ad minim veniam, quis nostrud exefcitalion ullamoo laboris nisi ut aliquip ex ea commodo oonsequat.",
      "note": "* At vero eos et accusamus et iusto odo dtgntsslmos duclmus qui blandltlis praesentlum voluptatum delenrtl atque corruptl quos doQres et quas molestlas exceptun sint occaecatl cupidrtate non pro v dent, slmllique sunt In culpa qui otflcia deserunt mollrtia anlmi. id est la bo aim et dolorum tuga.",
      "productUrl": "https://res.cloudinary.com/dx4wkpab8/image/upload/v1573640171/comp_plate_promo2_nlqjfe.png"
    },
    {
      "title": "PM Snackers: Brownie Bites",
      "img": "https://res.cloudinary.com/dx4wkpab8/image/upload/v1573640171/comp_plate_promo4_f87x7g.png",
      "description": "Lorem ipsum dolor sit amet. consectetur adipisicing elit, sed do eiusmod tempor incididunt ut la bore et dolore magna aliqua. Ut enim ad minim veniam, quis nostrud exefcitalion ullamoo laboris nisi ut aliquip ex ea commodo oonsequat.",
      "note": "* At vero eos et accusamus et iusto odo dtgntsslmos duclmus qui blandltlis praesentlum voluptatum delenrtl atque corruptl quos doQres et quas molestlas exceptun sint occaecatl cupidrtate non pro v dent, slmllique sunt In culpa qui otflcia deserunt mollrtia anlmi. id est la bo aim et dolorum tuga.",
      "productUrl": "https://res.cloudinary.com/dx4wkpab8/image/upload/v1573640171/comp_plate_promo4_f87x7g.png"
    },
    {
      "title": "PM Snackers: Brownie Bites",
      "img": "https://res.cloudinary.com/dx4wkpab8/image/upload/v1573640171/comp_plate_promo3_wnp43x.png",
      "description": "Lorem ipsum dolor sit amet. consectetur adipisicing elit, sed do eiusmod tempor incididunt ut la bore et dolore magna aliqua. Ut enim ad minim veniam, quis nostrud exefcitalion ullamoo laboris nisi ut aliquip ex ea commodo oonsequat.",
      "note": "* At vero eos et accusamus et iusto odo dtgntsslmos duclmus qui blandltlis praesentlum voluptatum delenrtl atque corruptl quos doQres et quas molestlas exceptun sint occaecatl cupidrtate non pro v dent, slmllique sunt In culpa qui otflcia deserunt mollrtia anlmi. id est la bo aim et dolorum tuga.",
      "productUrl": "https://res.cloudinary.com/dx4wkpab8/image/upload/v1573640171/comp_plate_promo4_f87x7g.png"
    }
  ],
  "posts": [
    {
      "title": "Post 32",
      "img": "https://images.unsplash.com/photo-1577656367064-d462fe746be8?ixlib=rb-1.2.1&ixid=eyJhcHBfaWQiOjEyMDd9&auto=format&fit=crop&w=934&q=80",
      "content": "sadasd",
      "id": 2
    },
    {
      "title": "Post 1",
      "content": "sadasd",
      "id": 3
    },
    {
      "title": "Post 2",
      "content": "Hello world",
      "id": 4
    },
    {
      "title": "Post 3",
      "content": "Hello Im post 3",
      "id": 5
    },
    {
      "title": "Post 4",
      "content": "Hello Im post 4",
      "id": 6
    }
  ],
  "movies": [
    {
      "title": "Fantastic beasts and where to find them",
      "description": "Fantastic Beasts and Where to Find Them is a 2016 fantasy film directed by David Yates. A joint British and American production, it is a spin-off and prequel to the Harry Potter film series, and is produced and written by J. K. Rowling in her screenwriting debut, inspired by her 2001 guide book of the same name. The film features an ensemble cast that includes Eddie Redmayne, Katherine Waterston, Dan Fogler, Alison Sudol, Ezra Miller, Samantha Morton, Jon Voight, Carmen Ejogo, and Colin Farrell. It is the first installment in the Fantastic Beasts film series, and ninth overall in the Wizarding World franchise, that began with the Harry Potter films.",
      "rating": "4.7",
      "preview": {
        "high": "https://res.cloudinary.com/dx4wkpab8/image/upload/v1574199507/movies/bitmap_2x_qt5gqd.jpg",
        "low": "https://res.cloudinary.com/dx4wkpab8/image/upload/v1574199506/movies/bitmap_wixqtd.jpg"
      },
      "genre": "fantasy"
    },
    {
      "title": "Justice League",
      "description": "ustice League is a 2017 American superhero film based on the DC Comics superhero team of the same name, distributed by Warner Bros. Pictures. It is the follow-up to 2016's Batman v Superman: Dawn of Justice and the fifth installment in the DC Extended Universe (DCEU).[5][6][7] The film is directed by Zack Snyder, written by Chris Terrio and Joss Whedon, and features an ensemble cast that includes Ben Affleck, Henry Cavill, Gal Gadot, Ezra Miller, Jason Momoa, Ray Fisher, Amy Adams, Jeremy Irons, Diane Lane, Connie Nielsen, and J. K. Simmons. In the film, Batman and Wonder Woman recruit The Flash, Aquaman, and Cyborg after Superman's death to save the world from the catastrophic threat of Steppenwolf and his army of Parademons.",
      "rating": "3.9",
      "preview": {
        "low": "https://res.cloudinary.com/dx4wkpab8/image/upload/v1574199102/movies/bitmap_qm5atv.jpg",
        "high": "https://res.cloudinary.com/dx4wkpab8/image/upload/v1574199121/movies/bitmap_2x_rczowy.jpg"
      },
      "genre": "comics"
    },
    {
      "title": "Beauty and the beast",
      "description": "",
      "rating": "3.9",
      "preview": {
        "low": "https://res.cloudinary.com/dx4wkpab8/image/upload/v1574198944/movies/bitmap_ocrjt9.jpg",
        "high": "https://res.cloudinary.com/dx4wkpab8/image/upload/v1574198977/movies/bitmap_2x_n5bkmr.jpg"
      },
      "genre": "fairytail"
    }
  ]
}